Workbook

Sheet Title
B2: ⚓ AegisLife Insurance Risk Analytics & Claims Intelligence Data Validation Workbook
B10: DATA ANALYSIS CAPSTONE PORJECT
G12: by - Kartik Tripathi

Sheet Contents
A2: Table of Contents
A4: Customer_Master | B4: Cleaned customer records with validation status
A5: Policy_Details | B5: Cleaned policy records with validation status
A6: Claim_History | B6: Cleaned claim records with validation status
A7: Agent_Info | B7: Cleaned agent records with validation status
A8: Customer_Feedback | B8: Cleaned feedback records with validation status
A9: FK_Integrity_Check | B9: Foreign Key Integrity checks across tables
A10: Data_Quality_Log | B10: Mandated log of data quality issues and resolutions
A11: Lookup_Reference | B11: Categorical lists and standardization maps
A12: SQL_Validation_Summary | B12: Pre-SQL ingestion checks and KPI reconciliation

Sheet Customer_Master
A1: customer_id | B1: full_name | C1: age | D1: gender | E1: marital_status | F1: occupation | G1: region | H1: smoking_status | I1: pre_existing_illness | J1: risk_score | K1: date_joined | L1: Validation_Status
A2: CUST10000 | B2: Yahvi Chander | C2: 18 | D2: Male | E2: Single | F2: Student | G2: West | H2: No | I2: Yes | J2: 0.61 | K2: 43863 | L2: {=_xlfn.IFS( OR(ISBLANK(A2),ISBLANK(C2),ISBLANK(J2)),"Missing Value", OR(C2<18,C2>120),"Review – Out of Range (Age)", J2<0,"Review – Out of Range (Risk Score)", TRUE,"OK" )} -> OK
A3: CUST10001 | B3: Gautami Batta | C3: 39 | D3: Female | E3: Divorced | F3: Salaried | G3: East | H3: Yes | I3: Yes | J3: 0.56 | K3: 43938 | L3: {=_xlfn.IFS( OR(ISBLANK(A3),ISBLANK(C3),ISBLANK(J3)),"Missing Value", OR(C3<18,C3>120),"Review – Out of Range (Age)", J3<0,"Review – Out of Range (Risk Score)", TRUE,"OK" )} -> OK
A4: CUST10002 | B4: Zehaan Randhawa | C4: 34 | D4: Male | E4: Single | F4: Student | G4: North | H4: Yes | I4: No | J4: 0.48 | K4: 43278 | L4: {=_xlfn.IFS( OR(ISBLANK(A4),ISBLANK(C4),ISBLANK(J4)),"Missing Value", OR(C4<18,C4>120),"Review – Out of Range (Age)", J4<0,"Review – Out of Range (Risk Score)", TRUE,"OK" )} -> OK
A5: CUST10003 | B5: Aarnav Bhandari | C5: 50 | D5: Male | E5: Married | F5: Self-employed | G5: South | H5: Yes | I5: No | J5: 0.47 | K5: 44532 | L5: {=_xlfn.IFS( OR(ISBLANK(A5),ISBLANK(C5),ISBLANK(J5)),"Missing Value", OR(C5<18,C5>120),"Review – Out of Range (Age)", J5<0,"Review – Out of Range (Risk Score)", TRUE,"OK" )} -> OK
A6: CUST10005 | B6: Tripti Parekh | C6: 20 | D6: Female | E6: Single | F6: Student | G6: North | H6: Yes | I6: No | J6: 0.55 | K6: 44859 | L6: {=_xlfn.IFS( OR(ISBLANK(A6),ISBLANK(C6),ISBLANK(J6)),"Missing Value", OR(C6<18,C6>120),"Review – Out of Range (Age)", J6<0,"Review – Out of Range (Risk Score)", TRUE,"OK" )} -> OK
A7: CUST10006 | B7: Gopal Yogi | C7: 20 | D7: Male | E7: Single | F7: Retired | G7: South | H7: No | I7: Yes | J7: 0.28 | K7: 43284 | L7: {=_xlfn.IFS( OR(ISBLANK(A7),ISBLANK(C7),ISBLANK(J7)),"Missing Value", OR(C7<18,C7>120),"Review – Out of Range (Age)", J7<0,"Review – Out of Range (Risk Score)", TRUE,"OK" )} -> OK
A8: CUST10007 | B8: Kevin Bobal | C8: 30 | D8: Female | E8: Single | F8: Student | G8: West | H8: No | I8: Yes | J8: 0.11 | K8: 44005 | L8: {=_xlfn.IFS( OR(ISBLANK(A8),ISBLANK(C8),ISBLANK(J8)),"Missing Value", OR(C8<18,C8>120),"Review – Out of Range (Age)", J8<0,"Review – Out of Range (Risk Score)", TRUE,"OK" )} -> OK
A9: CUST10008 | B9: Neel Chakraborty | C9: 27 | D9: Male | E9: Married | F9: Salaried | G9: North | H9: Yes | I9: Yes | J9: 0.16 | K9: 43546 | L9: {=_xlfn.IFS( OR(ISBLANK(A9),ISBLANK(C9),ISBLANK(J9)),"Missing Value", OR(C9<18,C9>120),"Review – Out of Range (Age)", J9<0,"Review – Out of Range (Risk Score)", TRUE,"OK" )} -> OK
A10: CUST10009 | B10: Ethan Singh | C10: 42 | D10: Female | E10: Divorced | F10: Student | G10: East | H10: No | I10: Yes | J10: 0.73 | K10: 44984 | L10: {=_xlfn.IFS( OR(ISBLANK(A10),ISBLANK(C10),ISBLANK(J10)),"Missing Value", OR(C10<18,C10>120),"Review – Out of Range (Age)", J10<0,"Review – Out of Range (Risk Score)", TRUE,"OK" )} -> OK
A11: CUST10011 | B11: Tejas Dar | C11: 28 | D11: Male | E11: Single | F11: Self-employed | G11: West | H11: No | I11: Yes | J11: 0.26 | K11: 43457 | L11: {=_xlfn.IFS( OR(ISBLANK(A11),ISBLANK(C11),ISBLANK(J11)),"Missing Value", OR(C11<18,C11>120),"Review – Out of Range (Age)", J11<0,"Review – Out of Range (Risk Score)", TRUE,"OK" )} -> OK
A12: CUST10012 | B12: Adya Kota | C12: 66 | D12: Male | E12: Married | F12: Student | G12: West | H12: No | I12: No | J12: 0.44 | K12: 43278 | L12: {=_xlfn.IFS( OR(ISBLANK(A12),ISBLANK(C12),ISBLANK(J12)),"Missing Value", OR(C12<18,C12>120),"Review – Out of Range (Age)", J12<0,"Review – Out of Range (Risk Score)", TRUE,"OK" )} -> OK
A13: CUST10013 | B13: Ekalinga Ram | C13: 54 | D13: Male | E13: Single | F13: Self-employed | G13: West | H13: Yes | I13: No | J13: 0.71 | K13: 44558 | L13: {=_xlfn.IFS( OR(ISBLANK(A13),ISBLANK(C13),ISBLANK(J13)),"Missing Value", OR(C13<18,C13>120),"Review – Out of Range (Age)", J13<0,"Review – Out of Range (Risk Score)", TRUE,"OK" )} -> OK
... A1649: CUST12499 | B1649: Sarthak Sagar | C1649: 34 | D1649: Female | E1649: Single | F1649: Student | G1649: North | H1649: Yes | I1649: No | J1649: 0.47 | K1649: 43356 | L1649: {=_xlfn.IFS( OR(ISBLANK(A1649),ISBLANK(C1649),ISBLANK(J1649)),"Missing Value", OR(C1649<18,C1649>120),"Review – Out of Range (Age)", J1649<0,"Review – Out of Range (Risk Score)", TRUE,"OK" )} -> OK

Sheet Policy_Details
A1: policy_id | B1: customer_id | C1: product_type | D1: coverage_amount | E1: annual_premium | F1: policy_start_date | G1: policy_end_date | H1: agent_id | I1: status | J1: Validation_Status
A2: POL50001 | B2: CUST10833 | C2: Property | D2: 169869.71 | E2: 27193.94 | F2: 44402 | G2: 44859 | H2: AGT5238 | I2: Active | J2: {=_xlfn.IFS( OR(ISBLANK(A2),ISBLANK(B2),ISBLANK(H2),ISBLANK(D2),ISBLANK(E2)),"Missing Value", D2<=0,"Review – Out of Range (Coverage)", E2<=0,"Review – Out of Range (Premium)", TRUE,"OK" )} -> OK
A3: POL50002 | B3: CUST11786 | C3: Health | D3: 546514.84 | E3: 19603.44 | F3: 44823 | G3: 45411 | H3: AGT5008 | I3: Cancelled | J3: {=_xlfn.IFS( OR(ISBLANK(A3),ISBLANK(B3),ISBLANK(H3),ISBLANK(D3),ISBLANK(E3)),"Missing Value", D3<=0,"Review – Out of Range (Coverage)", E3<=0,"Review – Out of Range (Premium)", TRUE,"OK" )} -> OK
A4: POL50003 | B4: CUST10501 | C4: Property | D4: 944249.15 | E4: 36274.58 | F4: 44903 | G4: 45770 | H4: AGT5118 | I4: Cancelled | J4: {=_xlfn.IFS( OR(ISBLANK(A4),ISBLANK(B4),ISBLANK(H4),ISBLANK(D4),ISBLANK(E4)),"Missing Value", D4<=0,"Review – Out of Range (Coverage)", E4<=0,"Review – Out of Range (Premium)", TRUE,"OK" )} -> OK
A5: POL50004 | B5: CUST10349 | C5: Property | D5: 209475.32 | E5: 23091.58 | F5: 45391 | G5: 45493 | H5: AGT5090 | I5: Active | J5: {=_xlfn.IFS( OR(ISBLANK(A5),ISBLANK(B5),ISBLANK(H5),ISBLANK(D5),ISBLANK(E5)),"Missing Value", D5<=0,"Review – Out of Range (Coverage)", E5<=0,"Review – Out of Range (Premium)", TRUE,"OK" )} -> OK
A6: POL50005 | B6: CUST12296 | C6: Term | D6: 887938.35 | E6: 10458.22 | F6: 44842 | G6: 45638 | H6: AGT5050 | I6: Lapsed | J6: {=_xlfn.IFS( OR(ISBLANK(A6),ISBLANK(B6),ISBLANK(H6),ISBLANK(D6),ISBLANK(E6)),"Missing Value", D6<=0,"Review – Out of Range (Coverage)", E6<=0,"Review – Out of Range (Premium)", TRUE,"OK" )} -> OK
A7: POL50006 | B7: CUST10250 | C7: Health | D7: 979428.37 | E7: 4539.35 | F7: 44374 | G7: 44416 | H7: AGT5264 | I7: Cancelled | J7: {=_xlfn.IFS( OR(ISBLANK(A7),ISBLANK(B7),ISBLANK(H7),ISBLANK(D7),ISBLANK(E7)),"Missing Value", D7<=0,"Review – Out of Range (Coverage)", E7<=0,"Review – Out of Range (Premium)", TRUE,"OK" )} -> OK
A8: POL50007 | B8: CUST10608 | C8: Whole | D8: 541181.31 | E8: 45441.66 | F8: 44827 | G8: 45331 | H8: AGT5028 | I8: Lapsed | J8: {=_xlfn.IFS( OR(ISBLANK(A8),ISBLANK(B8),ISBLANK(H8),ISBLANK(D8),ISBLANK(E8)),"Missing Value", D8<=0,"Review – Out of Range (Coverage)", E8<=0,"Review – Out of Range (Premium)", TRUE,"OK" )} -> OK
A9: POL50008 | B9: CUST10296 | C9: Vehicle | D9: 971674.8 | E9: 48214.24 | F9: 44918 | G9: 45524 | H9: AGT5067 | I9: Active | J9: {=_xlfn.IFS( OR(ISBLANK(A9),ISBLANK(B9),ISBLANK(H9),ISBLANK(D9),ISBLANK(E9)),"Missing Value", D9<=0,"Review – Out of Range (Coverage)", E9<=0,"Review – Out of Range (Premium)", TRUE,"OK" )} -> OK
A10: POL50010 | B10: CUST11384 | C10: Property | D10: 130539.69 | E10: 3511.69 | F10: 45268 | G10: 45724 | H10: AGT5085 | I10: Lapsed | J10: {=_xlfn.IFS( OR(ISBLANK(A10),ISBLANK(B10),ISBLANK(H10),ISBLANK(D10),ISBLANK(E10)),"Missing Value", D10<=0,"Review – Out of Range (Coverage)", E10<=0,"Review – Out of Range (Premium)", TRUE,"OK" )} -> OK
A11: POL50011 | B11: CUST10394 | C11: Health | D11: 131152.58 | E11: 9900.3 | F11: 44879 | G11: 45057 | H11: AGT5170 | I11: Active | J11: {=_xlfn.IFS( OR(ISBLANK(A11),ISBLANK(B11),ISBLANK(H11),ISBLANK(D11),ISBLANK(E11)),"Missing Value", D11<=0,"Review – Out of Range (Coverage)", E11<=0,"Review – Out of Range (Premium)", TRUE,"OK" )} -> OK
A12: POL50012 | B12: CUST11518 | C12: Whole | D12: 815756.62 | E12: 44472.07 | F12: 45428 | G12: 45767 | H12: AGT5234 | I12: Active | J12: {=_xlfn.IFS( OR(ISBLANK(A12),ISBLANK(B12),ISBLANK(H12),ISBLANK(D12),ISBLANK(E12)),"Missing Value", D12<=0,"Review – Out of Range (Coverage)", E12<=0,"Review – Out of Range (Premium)", TRUE,"OK" )} -> OK
A13: POL50013 | B13: CUST11126 | C13: Vehicle | D13: 547913.87 | E13: 39658.45 | F13: 45069 | G13: 45822 | H13: AGT5189 | I13: Active | J13: {=_xlfn.IFS( OR(ISBLANK(A13),ISBLANK(B13),ISBLANK(H13),ISBLANK(D13),ISBLANK(E13)),"Missing Value", D13<=0,"Review – Out of Range (Coverage)", E13<=0,"Review – Out of Range (Premium)", TRUE,"OK" )} -> OK
... A2829: POL53999 | B2829: CUST10904 | C2829: Health | D2829: 253091.07 | E2829: 44683.35 | F2829: 45174 | G2829: 45333 | H2829: AGT5134 | I2829: Active | J2829: {=_xlfn.IFS( OR(ISBLANK(A2829),ISBLANK(B2829),ISBLANK(H2829),ISBLANK(D2829),ISBLANK(E2829)),"Missing Value", D2829<=0,"Review – Out of Range (Coverage)", E2829<=0,"Review – Out of Range (Premium)", TRUE,"OK" )} -> OK

Sheet Claim_History
A1: claim_id | B1: policy_id | C1: claim_date | D1: claim_amount | E1: claim_status | F1: claim_type | G1: fraud_flag | H1: days_to_process | I1: Validation_Status
A2: CLM70003 | B2: POL51902 | C2: 44844 | D2: 379127.79 | E2: Pending | F2: Theft | G2: No | H2: 40 | I2: {=_xlfn.IFS( OR(ISBLANK(A2),ISBLANK(B2),ISBLANK(D2),ISBLANK(E2),ISBLANK(H2)),"Missing Value", D2<0,"Review – Out of Range (Claim Amount)", H2<0,"Review – Out of Range (Days to Process)", TRUE,"OK" )} -> OK
A3: CLM70004 | B3: POL50001 | C3: 44536 | D3: 431984.06 | E3: Approved | F3: Hospital | G3: No | H3: 56 | I3: {=_xlfn.IFS( OR(ISBLANK(A3),ISBLANK(B3),ISBLANK(D3),ISBLANK(E3),ISBLANK(H3)),"Missing Value", D3<0,"Review – Out of Range (Claim Amount)", H3<0,"Review – Out of Range (Days to Process)", TRUE,"OK" )} -> OK
A4: CLM70005 | B4: POL53707 | C4: 45490 | D4: 206765.82 | E4: Rejected | F4: Death | G4: No | H4: 39 | I4: {=_xlfn.IFS( OR(ISBLANK(A4),ISBLANK(B4),ISBLANK(D4),ISBLANK(E4),ISBLANK(H4)),"Missing Value", D4<0,"Review – Out of Range (Claim Amount)", H4<0,"Review – Out of Range (Days to Process)", TRUE,"OK" )} -> OK
A5: CLM70006 | B5: POL53642 | C5: 45455 | D5: 225358.05 | E5: Approved | F5: Accident | G5: Yes | H5: 22 | I5: {=_xlfn.IFS( OR(ISBLANK(A5),ISBLANK(B5),ISBLANK(D5),ISBLANK(E5),ISBLANK(H5)),"Missing Value", D5<0,"Review – Out of Range (Claim Amount)", H5<0,"Review – Out of Range (Days to Process)", TRUE,"OK" )} -> OK
A6: CLM70007 | B6: POL51744 | C6: 45456 | D6: 340208.27 | E6: Rejected | F6: Theft | G6: No | H6: 31 | I6: {=_xlfn.IFS( OR(ISBLANK(A6),ISBLANK(B6),ISBLANK(D6),ISBLANK(E6),ISBLANK(H6)),"Missing Value", D6<0,"Review – Out of Range (Claim Amount)", H6<0,"Review – Out of Range (Days to Process)", TRUE,"OK" )} -> OK
A7: CLM70008 | B7: POL53198 | C7: 44801 | D7: 124603.36 | E7: Rejected | F7: Death | G7: No | H7: 31 | I7: {=_xlfn.IFS( OR(ISBLANK(A7),ISBLANK(B7),ISBLANK(D7),ISBLANK(E7),ISBLANK(H7)),"Missing Value", D7<0,"Review – Out of Range (Claim Amount)", H7<0,"Review – Out of Range (Days to Process)", TRUE,"OK" )} -> OK
A8: CLM70010 | B8: POL51779 | C8: 45145 | D8: 83575.26 | E8: Approved | F8: Theft | G8: Yes | H8: 40 | I8: {=_xlfn.IFS( OR(ISBLANK(A8),ISBLANK(B8),ISBLANK(D8),ISBLANK(E8),ISBLANK(H8)),"Missing Value", D8<0,"Review – Out of Range (Claim Amount)", H8<0,"Review – Out of Range (Days to Process)", TRUE,"OK" )} -> OK
A9: CLM70012 | B9: POL51026 | C9: 45832 | D9: 239279.38 | E9: Pending | F9: Other | G9: Yes | H9: 58 | I9: {=_xlfn.IFS( OR(ISBLANK(A9),ISBLANK(B9),ISBLANK(D9),ISBLANK(E9),ISBLANK(H9)),"Missing Value", D9<0,"Review – Out of Range (Claim Amount)", H9<0,"Review – Out of Range (Days to Process)", TRUE,"OK" )} -> OK
A10: CLM70013 | B10: POL53572 | C10: 45375 | D10: 394794.62 | E10: Rejected | F10: Other | G10: No | H10: 5 | I10: {=_xlfn.IFS( OR(ISBLANK(A10),ISBLANK(B10),ISBLANK(D10),ISBLANK(E10),ISBLANK(H10)),"Missing Value", D10<0,"Review – Out of Range (Claim Amount)", H10<0,"Review – Out of Range (Days to Process)", TRUE,"OK" )} -> OK
A11: CLM70014 | B11: POL50965 | C11: 44472 | D11: 375987.61 | E11: Rejected | F11: Death | G11: Yes | H11: 25 | I11: {=_xlfn.IFS( OR(ISBLANK(A11),ISBLANK(B11),ISBLANK(D11),ISBLANK(E11),ISBLANK(H11)),"Missing Value", D11<0,"Review – Out of Range (Claim Amount)", H11<0,"Review – Out of Range (Days to Process)", TRUE,"OK" )} -> OK
A12: CLM70017 | B12: POL50966 | C12: 45427 | D12: 495032.58 | E12: Pending | F12: Death | G12: No | H12: 40 | I12: {=_xlfn.IFS( OR(ISBLANK(A12),ISBLANK(B12),ISBLANK(D12),ISBLANK(E12),ISBLANK(H12)),"Missing Value", D12<0,"Review – Out of Range (Claim Amount)", H12<0,"Review – Out of Range (Days to Process)", TRUE,"OK" )} -> OK
A13: CLM70018 | B13: POL50449 | C13: 45185 | D13: 468259.32 | E13: Rejected | F13: Accident | G13: No | H13: 11 | I13: {=_xlfn.IFS( OR(ISBLANK(A13),ISBLANK(B13),ISBLANK(D13),ISBLANK(E13),ISBLANK(H13)),"Missing Value", D13<0,"Review – Out of Range (Claim Amount)", H13<0,"Review – Out of Range (Days to Process)", TRUE,"OK" )} -> OK
... A1407: CLM71999 | B1407: POL53600 | C1407: 45265 | D1407: 124149.71 | E1407: Rejected | F1407: Accident | G1407: Yes | H1407: 5 | I1407: {=_xlfn.IFS( OR(ISBLANK(A1407),ISBLANK(B1407),ISBLANK(D1407),ISBLANK(E1407),ISBLANK(H1407)),"Missing Value", D1407<0,"Review – Out of Range (Claim Amount)", H1407<0,"Review – Out of Range (Days to Process)", TRUE,"OK" )} -> OK

Sheet Agent_Info
A1: agent_id | B1: region | C1: join_date | D1: total_policies_sold | E1: lapsed_policies | F1: avg_premium_sold | G1: fraud_association | H1: Validation_Status
A2: AGT5000 | B2: North | C2: 42415 | D2: 196 | E2: 42 | F2: 37018.35 | G2: 8 | H2: {=_xlfn.IFS( ISBLANK(A2),"Missing Value", D2<0,"Review – Out of Range (Total Policies)", E2<0,"Review – Out of Range (Lapsed Policies)", F2<0,"Review – Out of Range (Avg Premium)", G2<0,"Review – Out of Range (Fraud Assoc)", TRUE,"OK" )} -> OK
A3: AGT5001 | B3: North | C3: 42618 | D3: 189 | E3: 28 | F3: 48370.36 | G3: 5 | H3: {=_xlfn.IFS( ISBLANK(A3),"Missing Value", D3<0,"Review – Out of Range (Total Policies)", E3<0,"Review – Out of Range (Lapsed Policies)", F3<0,"Review – Out of Range (Avg Premium)", G3<0,"Review – Out of Range (Fraud Assoc)", TRUE,"OK" )} -> OK
A4: AGT5002 | B4: South | C4: 42547 | D4: 66 | E4: 0 | F4: 10489.65 | G4: 3 | H4: {=_xlfn.IFS( ISBLANK(A4),"Missing Value", D4<0,"Review – Out of Range (Total Policies)", E4<0,"Review – Out of Range (Lapsed Policies)", F4<0,"Review – Out of Range (Avg Premium)", G4<0,"Review – Out of Range (Fraud Assoc)", TRUE,"OK" )} -> OK
A5: AGT5003 | B5: North-East | C5: 42483 | D5: 250 | E5: 3 | F5: 12415.84 | G5: 6 | H5: {=_xlfn.IFS( ISBLANK(A5),"Missing Value", D5<0,"Review – Out of Range (Total Policies)", E5<0,"Review – Out of Range (Lapsed Policies)", F5<0,"Review – Out of Range (Avg Premium)", G5<0,"Review – Out of Range (Fraud Assoc)", TRUE,"OK" )} -> OK
A6: AGT5004 | B6: South | C6: 44881 | D6: 263 | E6: 69 | F6: 24057.14 | G6: 4 | H6: {=_xlfn.IFS( ISBLANK(A6),"Missing Value", D6<0,"Review – Out of Range (Total Policies)", E6<0,"Review – Out of Range (Lapsed Policies)", F6<0,"Review – Out of Range (Avg Premium)", G6<0,"Review – Out of Range (Fraud Assoc)", TRUE,"OK" )} -> OK
A7: AGT5005 | B7: West | C7: 44297 | D7: 122 | E7: 30 | F7: 47203.01 | G7: 8 | H7: {=_xlfn.IFS( ISBLANK(A7),"Missing Value", D7<0,"Review – Out of Range (Total Policies)", E7<0,"Review – Out of Range (Lapsed Policies)", F7<0,"Review – Out of Range (Avg Premium)", G7<0,"Review – Out of Range (Fraud Assoc)", TRUE,"OK" )} -> OK
A8: AGT5006 | B8: South | C8: 44520 | D8: 121 | E8: 9 | F8: 34370.2 | G8: 5 | H8: {=_xlfn.IFS( ISBLANK(A8),"Missing Value", D8<0,"Review – Out of Range (Total Policies)", E8<0,"Review – Out of Range (Lapsed Policies)", F8<0,"Review – Out of Range (Avg Premium)", G8<0,"Review – Out of Range (Fraud Assoc)", TRUE,"OK" )} -> OK
A9: AGT5007 | B9: North | C9: 43310 | D9: 281 | E9: 43 | F9: 22272.08 | G9: 0 | H9: {=_xlfn.IFS( ISBLANK(A9),"Missing Value", D9<0,"Review – Out of Range (Total Policies)", E9<0,"Review – Out of Range (Lapsed Policies)", F9<0,"Review – Out of Range (Avg Premium)", G9<0,"Review – Out of Range (Fraud Assoc)", TRUE,"OK" )} -> OK
A10: AGT5008 | B10: North | C10: 42151 | D10: 95 | E10: 1 | F10: 41526.04 | G10: 8 | H10: {=_xlfn.IFS( ISBLANK(A10),"Missing Value", D10<0,"Review – Out of Range (Total Policies)", E10<0,"Review – Out of Range (Lapsed Policies)", F10<0,"Review – Out of Range (Avg Premium)", G10<0,"Review – Out of Range (Fraud Assoc)", TRUE,"OK" )} -> OK
A11: AGT5009 | B11: North | C11: 42318 | D11: 78 | E11: 18 | F11: 23533.56 | G11: 9 | H11: {=_xlfn.IFS( ISBLANK(A11),"Missing Value", D11<0,"Review – Out of Range (Total Policies)", E11<0,"Review – Out of Range (Lapsed Policies)", F11<0,"Review – Out of Range (Avg Premium)", G11<0,"Review – Out of Range (Fraud Assoc)", TRUE,"OK" )} -> OK
A12: AGT5010 | B12: Central | C12: 42284 | D12: 198 | E12: 42 | F12: 42112.09 | G12: 3 | H12: {=_xlfn.IFS( ISBLANK(A12),"Missing Value", D12<0,"Review – Out of Range (Total Policies)", E12<0,"Review – Out of Range (Lapsed Policies)", F12<0,"Review – Out of Range (Avg Premium)", G12<0,"Review – Out of Range (Fraud Assoc)", TRUE,"OK" )} -> OK
A13: AGT5011 | B13: North-East | C13: 43556 | D13: 190 | E13: 38 | F13: 18546.41 | G13: 6 | H13: {=_xlfn.IFS( ISBLANK(A13),"Missing Value", D13<0,"Review – Out of Range (Total Policies)", E13<0,"Review – Out of Range (Lapsed Policies)", F13<0,"Review – Out of Range (Avg Premium)", G13<0,"Review – Out of Range (Fraud Assoc)", TRUE,"OK" )} -> OK
... A301: AGT5299 | B301: North | C301: 42951 | D301: 187 | E301: 22 | F301: 11319.87 | G301: 6 | H301: {=_xlfn.IFS( ISBLANK(A301),"Missing Value", D301<0,"Review – Out of Range (Total Policies)", E301<0,"Review – Out of Range (Lapsed Policies)", F301<0,"Review – Out of Range (Avg Premium)", G301<0,"Review – Out of Range (Fraud Assoc)", TRUE,"OK" )} -> OK

Sheet Customer_Feedback
A1: feedback_id | B1: customer_id | C1: date_submitted | D1: feedback_text | E1: satisfaction_score | F1: contacted_agent | G1: referred_claim | H1: Validation_Status | I1: is_anonymous
A2: FDB90000 | B2: CUST11838 | C2: 44050 | D2: I'm not happy with the premium charged. | E2: 3 | F2: Yes | G2: Yes | H2: {=_xlfn.IFS( ISBLANK(A2),"Missing Value", OR(E2<1,E2>5),"Review – Out of Range (Satisfaction)", ISNA(MATCH(B2,Customer_Master!$A$2:$A$1649,0)),"Retained – Unmatched ID (Anonymous Feedback Rule)", TRUE,"OK" )} -> OK | I2: =IF(COUNTIF(Customer_Master!$A:$A,B2)=0,TRUE,FALSE) -> FALSE
A3: FDB90001 | B3: CUST12252 | C3: 44209 | D3: I'm not happy with the premium charged. | E3: 1 | F3: No | G3: Yes | H3: {=_xlfn.IFS( ISBLANK(A3),"Missing Value", OR(E3<1,E3>5),"Review – Out of Range (Satisfaction)", ISNA(MATCH(B3,Customer_Master!$A$2:$A$1649,0)),"Retained – Unmatched ID (Anonymous Feedback Rule)", TRUE,"OK" )} -> OK | I3: =IF(COUNTIF(Customer_Master!$A:$A,B3)=0,TRUE,FALSE) -> FALSE
A4: FDB90002 | B4: CUST10495 | C4: 44608 | D4: Smooth experience with no issues. | E4: 5 | F4: No | G4: Yes | H4: {=_xlfn.IFS( ISBLANK(A4),"Missing Value", OR(E4<1,E4>5),"Review – Out of Range (Satisfaction)", ISNA(MATCH(B4,Customer_Master!$A$2:$A$1649,0)),"Retained – Unmatched ID (Anonymous Feedback Rule)", TRUE,"OK" )} -> OK | I4: =IF(COUNTIF(Customer_Master!$A:$A,B4)=0,TRUE,FALSE) -> FALSE
A5: FDB90003 | B5: CUST11182 | C5: 44243 | D5: Claim process could be faster. | E5: 2 | F5: No | G5: Yes | H5: {=_xlfn.IFS( ISBLANK(A5),"Missing Value", OR(E5<1,E5>5),"Review – Out of Range (Satisfaction)", ISNA(MATCH(B5,Customer_Master!$A$2:$A$1649,0)),"Retained – Unmatched ID (Anonymous Feedback Rule)", TRUE,"OK" )} -> OK | I5: =IF(COUNTIF(Customer_Master!$A:$A,B5)=0,TRUE,FALSE) -> FALSE
A6: FDB90004 | B6: CUST11047 | C6: 44295 | D6: The agent was helpful and explained everything. | E6: 5 | F6: No | G6: No | H6: {=_xlfn.IFS( ISBLANK(A6),"Missing Value", OR(E6<1,E6>5),"Review – Out of Range (Satisfaction)", ISNA(MATCH(B6,Customer_Master!$A$2:$A$1649,0)),"Retained – Unmatched ID (Anonymous Feedback Rule)", TRUE,"OK" )} -> OK | I6: =IF(COUNTIF(Customer_Master!$A:$A,B6)=0,TRUE,FALSE) -> FALSE
A7: FDB90005 | B7: CUST12167 | C7: 43835 | D7: Very satisfied with the claim process. | E7: 5 | F7: Yes | G7: No | H7: {=_xlfn.IFS( ISBLANK(A7),"Missing Value", OR(E7<1,E7>5),"Review – Out of Range (Satisfaction)", ISNA(MATCH(B7,Customer_Master!$A$2:$A$1649,0)),"Retained – Unmatched ID (Anonymous Feedback Rule)", TRUE,"OK" )} -> OK | I7: =IF(COUNTIF(Customer_Master!$A:$A,B7)=0,TRUE,FALSE) -> FALSE
A8: FDB90006 | B8: CUST10308 | C8: 45255 | D8: Excellent customer service support. | E8: 4 | F8: Yes | G8: Yes | H8: {=_xlfn.IFS( ISBLANK(A8),"Missing Value", OR(E8<1,E8>5),"Review – Out of Range (Satisfaction)", ISNA(MATCH(B8,Customer_Master!$A$2:$A$1649,0)),"Retained – Unmatched ID (Anonymous Feedback Rule)", TRUE,"OK" )} -> Retained – Unmatched ID (Anonymous Feedback Rule) | I8: =IF(COUNTIF(Customer_Master!$A:$A,B8)=0,TRUE,FALSE) -> TRUE
A9: FDB90007 | B9: CUST10644 | C9: 44963 | D9: Need more clarity on policy coverage. | E9: 3 | F9: No | G9: No | H9: {=_xlfn.IFS( ISBLANK(A9),"Missing Value", OR(E9<1,E9>5),"Review – Out of Range (Satisfaction)", ISNA(MATCH(B9,Customer_Master!$A$2:$A$1649,0)),"Retained – Unmatched ID (Anonymous Feedback Rule)", TRUE,"OK" )} -> Retained – Unmatched ID (Anonymous Feedback Rule) | I9: =IF(COUNTIF(Customer_Master!$A:$A,B9)=0,TRUE,FALSE) -> TRUE
A10: FDB90008 | B10: CUST12331 | C10: 44593 | D10: Smooth experience with no issues. | E10: 5 | F10: Yes | G10: Yes | H10: {=_xlfn.IFS( ISBLANK(A10),"Missing Value", OR(E10<1,E10>5),"Review – Out of Range (Satisfaction)", ISNA(MATCH(B10,Customer_Master!$A$2:$A$1649,0)),"Retained – Unmatched ID (Anonymous Feedback Rule)", TRUE,"OK" )} -> OK | I10: =IF(COUNTIF(Customer_Master!$A:$A,B10)=0,TRUE,FALSE) -> FALSE
A11: FDB90009 | B11: CUST12252 | C11: 43888 | D11: Excellent customer service support. | E11: 4 | F11: No | G11: No | H11: {=_xlfn.IFS( ISBLANK(A11),"Missing Value", OR(E11<1,E11>5),"Review – Out of Range (Satisfaction)", ISNA(MATCH(B11,Customer_Master!$A$2:$A$1649,0)),"Retained – Unmatched ID (Anonymous Feedback Rule)", TRUE,"OK" )} -> OK | I11: =IF(COUNTIF(Customer_Master!$A:$A,B11)=0,TRUE,FALSE) -> FALSE
A12: FDB90010 | B12: CUST10090 | C12: 44244 | D12: The mobile app experience was intuitive. | E12: 3 | F12: Yes | G12: No | H12: {=_xlfn.IFS( ISBLANK(A12),"Missing Value", OR(E12<1,E12>5),"Review – Out of Range (Satisfaction)", ISNA(MATCH(B12,Customer_Master!$A$2:$A$1649,0)),"Retained – Unmatched ID (Anonymous Feedback Rule)", TRUE,"OK" )} -> OK | I12: =IF(COUNTIF(Customer_Master!$A:$A,B12)=0,TRUE,FALSE) -> FALSE
A13: FDB90011 | B13: CUST10985 | C13: 45252 | D13: I'm not happy with the premium charged. | E13: 1 | F13: Yes | G13: No | H13: {=_xlfn.IFS( ISBLANK(A13),"Missing Value", OR(E13<1,E13>5),"Review – Out of Range (Satisfaction)", ISNA(MATCH(B13,Customer_Master!$A$2:$A$1649,0)),"Retained – Unmatched ID (Anonymous Feedback Rule)", TRUE,"OK" )} -> OK | I13: =IF(COUNTIF(Customer_Master!$A:$A,B13)=0,TRUE,FALSE) -> FALSE
... A1001: FDB90999 | B1001: CUST11520 | C1001: 45005 | D1001: The agent was helpful and explained everything. | E1001: 5 | F1001: Yes | G1001: No | H1001: {=_xlfn.IFS( ISBLANK(A1001),"Missing Value", OR(E1001<1,E1001>5),"Review – Out of Range (Satisfaction)", ISNA(MATCH(B1001,Customer_Master!$A$2:$A$1649,0)),"Retained – Unmatched ID (Anonymous Feedback Rule)", TRUE,"OK" )} -> OK | I1001: =IF(COUNTIF(Customer_Master!$A:$A,B1001)=0,TRUE,FALSE) -> FALSE

Sheet FK_Integrity_Check
A1: Relationship | B1: Expected Orphans | C1: Actual Orphans | D1: Status
A2: policy_details.customer_id → customer_master.customer_id | B2: 0 | C2: =SUMPRODUCT(--ISNA(MATCH(Policy_Details!B2:B2829,Customer_Master!A2:A1649,0))) -> 0 | D2: =IF(C2=B2, "PASS", "REVIEW") -> PASS
A3: policy_details.agent_id → agent_info.agent_id | B3: 0 | C3: =SUMPRODUCT(--ISNA(MATCH(Policy_Details!H2:H2829,Agent_Info!A2:A301,0))) -> 0 | D3: =IF(C3=B3, "PASS", "REVIEW") -> PASS
A4: claim_history.policy_id → policy_details.policy_id | B4: 0 | C4: =SUMPRODUCT(--ISNA(MATCH(Claim_History!B2:B1407,Policy_Details!A2:A2829,0))) -> 0 | D4: =IF(C4=B4, "PASS", "REVIEW") -> PASS
A5: customer_feedback.customer_id → customer_master.customer_id | B5: 369 | C5: =SUMPRODUCT(--ISNA(MATCH(Customer_Feedback!B2:B1001,Customer_Master!A2:A1649,0))) -> 369 | D5: =IF(C5=B5, "PASS", "REVIEW") -> PASS

Sheet Data_Quality_Log
A1: Table Name | B1: Column Name | C1: Issue Type | D1: Description | E1: Suggested Cleaning Action | F1: Affected Row Count | G1: Affected Row % | H1: Action Taken | I1: Guideline Basis
A2: customer_master | B2: gender | C2: Invalid categorical | D2: Mal, males, females instead of Male/Female | E2: Standardize to Male/Female | F2: =6+3+8 -> 17 | G2: =(F2/1648) -> 0.010315534 | H2: Corrected in-place | I2: Categorical standardization
A3: customer_master | B3: region | C3: Invalid categorical | D3: Wset, souht instead of West/South | E3: Standardize to West/South | F3: =8+2 -> 10 | G3: =(F3/1648) -> 0.0060679612 | H3: Corrected in-place | I3: Categorical standardization
A4: policy_details | B4: product_type | C4: Invalid categorical | D4: Properties instead of Property | E4: Standardize to Property | F4: =4 -> 4 | G4: =(F4/2828) -> 0.0014144272 | H4: Corrected in-place | I4: Categorical standardization
A5: claim_history | B5: claim_status | C5: Invalid categorical | D5: Aproval, Rejeted instead of Approved/Rejected | E5: Standardize to Approved/Rejected | F5: =2+4 -> 6 | G5: =(F5/1406) -> 0.0042674253 | H5: Corrected in-place | I5: Categorical standardization
A6: customer_feedback | B6: date_submitted | C6: Inconsistent format | D6: Stored as text MM/DD/YYYY | E6: Convert to proper Date type | F6: =1000 -> 1000 | G6: =(F6/1000) -> 1 | H6: Corrected format | I6: Data type consistency
A7: customer_feedback | B7: customer_id | C7: FK orphan | D7: ID absent from customer_master | E7: Flag as Retained – Unmatched ID, consistent with anonymous-feedback provision; do not delete | F7: =FK_Integrity_Check!C5 -> 369 | G7: =(F7/1000) -> 0.369 | H7: Flagged but kept | I7: Do not delete rule
A8: Systemic Checks | D8: No blank cells found, no duplicate primary keys, no IQR outliers, no date-logic violations

Sheet Lookup_Reference
A1: Category | B1: Valid Values | D1: Original Value | E1: Corrected Value | F1: Table.Column | G1: Affected Row Count
A2: Gender | B2: Male | D2: Mal | E2: Male | F2: customer_master.gender | G2: 6
A3: Gender | B3: Female | D3: males | E3: Male | F3: customer_master.gender | G3: 3
A4: Region | B4: North | D4: females | E4: Female | F4: customer_master.gender | G4: 8
A5: Region | B5: South | D5: Wset | E5: West | F5: customer_master.region | G5: 8
A6: Region | B6: East | D6: souht | E6: South | F6: customer_master.region | G6: 2
A7: Region | B7: West | D7: Properties | E7: Property | F7: policy_details.product_type | G7: 4
A8: Region | B8: Central | D8: Aproval | E8: Approved | F8: claim_history.claim_status | G8: 2
A9: Marital_Status | B9: Single | D9: Rejeted | E9: Rejected | F9: claim_history.claim_status | G9: 4
A10: Marital_Status | B10: Married | D10: MM/DD/YYYY (String) | E10: dd-mmm-yyyy (Date) | F10: customer_feedback.date_submitted | G10: 1000
A11: Marital_Status | B11: Divorced
A12: Marital_Status | B12: Widowed
A13: Smoking_Status | B13: Yes
A14: Smoking_Status | B14: No
A15: Pre_existing_Illness | B15: Yes
A16: Pre_existing_Illness | B16: No
A17: Product_Type | B17: Life
A18: Product_Type | B18: Health
A19: Product_Type | B19: Property
A20: Product_Type | B20: Auto
A21: Status | B21: Active
A22: Status | B22: Lapsed
... A46: Occupation | B46: Other

Sheet SQL_Validation_Summary
A1: Row Count Reconciliation
A2: Sheet | B2: Expected | C2: Actual | D2: Status
A3: Customer_Master | B3: 1648 | C3: =COUNTA(Customer_Master!A:A)-1 -> 1648 | D3: =IF(C3=B3, "PASS", "REVIEW") -> PASS
A4: Policy_Details | B4: 2828 | C4: =COUNTA(Policy_Details!A:A)-1 -> 2828 | D4: =IF(C4=B4, "PASS", "REVIEW") -> PASS
A5: Claim_History | B5: 1406 | C5: =COUNTA(Claim_History!A:A)-1 -> 1406 | D5: =IF(C5=B5, "PASS", "REVIEW") -> PASS
A6: Agent_Info | B6: 300 | C6: =COUNTA(Agent_Info!A:A)-1 -> 300 | D6: =IF(C6=B6, "PASS", "REVIEW") -> PASS
A7: Customer_Feedback | B7: 1000 | C7: =COUNTA(Customer_Feedback!A:A)-1 -> 1000 | D7: =IF(C7=B7, "PASS", "REVIEW") -> PASS
A9: DDL Constraint Spot-Checks
A10: Column | B10: DDL Min | C10: DDL Max | D10: Actual Min | E10: Actual Max | F10: Status
A11: age | B11: 18 | C11: 120 | D11: =MIN(Customer_Master!C2:C1649) -> 18 | E11: =MAX(Customer_Master!C2:C1649) -> 69 | F11: =IF(AND(D11>=18, E11<=120), "PASS", "REVIEW") -> PASS
A12: risk_score | B12: 0 | C12: No Max | D12: =MIN(Customer_Master!J2:J1649) -> 0 | E12: =MAX(Customer_Master!J2:J1649) -> 1 | F12: =IF(D12>=0, "PASS", "REVIEW") -> PASS
A13: coverage_amount | B13: >0 | C13: No Max | D13: =MIN(Policy_Details!D2:D2829) -> 100768.84 | E13: =MAX(Policy_Details!D2:D2829) -> 999900.15 | F13: =IF(D13>0, "PASS", "REVIEW") -> PASS
A14: annual_premium | B14: >0 | C14: No Max | D14: =MIN(Policy_Details!E2:E2829) -> 3013.88 | E14: =MAX(Policy_Details!E2:E2829) -> 49994.21 | F14: =IF(D14>0, "PASS", "REVIEW") -> PASS
A15: claim_amount | B15: 0 | C15: No Max | D15: =MIN(Claim_History!D2:D1407) -> 10149.32 | E15: =MAX(Claim_History!D2:D1407) -> 499431.2 | F15: =IF(D15>=0, "PASS", "REVIEW") -> PASS
A16: satisfaction_score | B16: 1 | C16: 5 | D16: =MIN(Customer_Feedback!E2:E1001) -> 1 | E16: =MAX(Customer_Feedback!E2:E1001) -> 5 | F16: =IF(AND(D16>=1, E16<=5), "PASS", "REVIEW") -> PASS
A17: days_to_process | B17: 0 | C17: No Max | D17: =MIN(Claim_History!H2:H1407) -> 2 | E17: =MAX(Claim_History!H2:H1407) -> 59 | F17: =IF(D17>=0, "PASS", "REVIEW") -> PASS
A19: KPI Cross-Check
A20: KPI | B20: Calculated Value | C20: Formula Used
A21: Total Claims | B21: =COUNTA(Claim_History!A2:A1407) -> 1406 | C21: =COUNTA(Claim_History!A2:A1407) -> 1406
